filename, language, XML, C#, JSON, Log, C++, Objective-C++, HLSL, ShaderLab, Properties, comment, blank, total
d:\Unity Projects\RocketPigV2\RocketPigV2\Assembly-CSharp-Editor.csproj, XML, 681, 0, 0, 0, 0, 0, 0, 0, 0, 7, 1, 689
d:\Unity Projects\RocketPigV2\RocketPigV2\Assembly-CSharp.csproj, XML, 912, 0, 0, 0, 0, 0, 0, 0, 0, 7, 1, 920
d:\Unity Projects\RocketPigV2\RocketPigV2\Assets\AnimationScript.cs, C#, 0, 14, 0, 0, 0, 0, 0, 0, 0, 2, 4, 20
d:\Unity Projects\RocketPigV2\RocketPigV2\Assets\Extensions\CloudOnce\Data\Achievements.cs, C#, 0, 20, 0, 0, 0, 0, 0, 0, 0, 8, 6, 34
d:\Unity Projects\RocketPigV2\RocketPigV2\Assets\Extensions\CloudOnce\Data\CloudIDs.cs, C#, 0, 35, 0, 0, 0, 0, 0, 0, 0, 14, 3, 52
d:\Unity Projects\RocketPigV2\RocketPigV2\Assets\Extensions\CloudOnce\Data\CloudPrefs\CloudBool.cs, C#, 0, 15, 0, 0, 0, 0, 0, 0, 0, 30, 4, 49
d:\Unity Projects\RocketPigV2\RocketPigV2\Assets\Extensions\CloudOnce\Data\CloudPrefs\CloudCurrencyFloat.cs, C#, 0, 11, 0, 0, 0, 0, 0, 0, 0, 17, 3, 31
d:\Unity Projects\RocketPigV2\RocketPigV2\Assets\Extensions\CloudOnce\Data\CloudPrefs\CloudCurrencyInt.cs, C#, 0, 30, 0, 0, 0, 0, 0, 0, 0, 29, 9, 68
d:\Unity Projects\RocketPigV2\RocketPigV2\Assets\Extensions\CloudOnce\Data\CloudPrefs\CloudDateTime.cs, C#, 0, 16, 0, 0, 0, 0, 0, 0, 0, 27, 4, 47
d:\Unity Projects\RocketPigV2\RocketPigV2\Assets\Extensions\CloudOnce\Data\CloudPrefs\CloudDecimal.cs, C#, 0, 15, 0, 0, 0, 0, 0, 0, 0, 30, 4, 49
d:\Unity Projects\RocketPigV2\RocketPigV2\Assets\Extensions\CloudOnce\Data\CloudPrefs\CloudDouble.cs, C#, 0, 15, 0, 0, 0, 0, 0, 0, 0, 30, 4, 49
d:\Unity Projects\RocketPigV2\RocketPigV2\Assets\Extensions\CloudOnce\Data\CloudPrefs\CloudFloat.cs, C#, 0, 15, 0, 0, 0, 0, 0, 0, 0, 30, 4, 49
d:\Unity Projects\RocketPigV2\RocketPigV2\Assets\Extensions\CloudOnce\Data\CloudPrefs\CloudInt.cs, C#, 0, 15, 0, 0, 0, 0, 0, 0, 0, 30, 4, 49
d:\Unity Projects\RocketPigV2\RocketPigV2\Assets\Extensions\CloudOnce\Data\CloudPrefs\CloudLong.cs, C#, 0, 15, 0, 0, 0, 0, 0, 0, 0, 27, 4, 46
d:\Unity Projects\RocketPigV2\RocketPigV2\Assets\Extensions\CloudOnce\Data\CloudPrefs\CloudString.cs, C#, 0, 15, 0, 0, 0, 0, 0, 0, 0, 32, 4, 51
d:\Unity Projects\RocketPigV2\RocketPigV2\Assets\Extensions\CloudOnce\Data\CloudPrefs\CloudUInt.cs, C#, 0, 15, 0, 0, 0, 0, 0, 0, 0, 32, 4, 51
d:\Unity Projects\RocketPigV2\RocketPigV2\Assets\Extensions\CloudOnce\Data\CloudRequestResult.cs, C#, 0, 23, 0, 0, 0, 0, 0, 0, 0, 26, 6, 55
d:\Unity Projects\RocketPigV2\RocketPigV2\Assets\Extensions\CloudOnce\Data\CloudVariables.cs, C#, 0, 7, 0, 0, 0, 0, 0, 0, 0, 8, 3, 18
d:\Unity Projects\RocketPigV2\RocketPigV2\Assets\Extensions\CloudOnce\Data\DataEnums.cs, C#, 0, 19, 0, 0, 0, 0, 0, 0, 0, 10, 3, 32
d:\Unity Projects\RocketPigV2\RocketPigV2\Assets\Extensions\CloudOnce\Data\Leaderboards.cs, C#, 0, 31, 0, 0, 0, 0, 0, 0, 0, 8, 6, 45
d:\Unity Projects\RocketPigV2\RocketPigV2\Assets\Extensions\CloudOnce\Internal\AchievementsBridge.cs, C#, 0, 38, 0, 0, 0, 0, 0, 0, 0, 32, 14, 84
d:\Unity Projects\RocketPigV2\RocketPigV2\Assets\Extensions\CloudOnce\Internal\CloudOnceEvents.cs, C#, 0, 65, 0, 0, 0, 0, 0, 0, 0, 49, 16, 130
d:\Unity Projects\RocketPigV2\RocketPigV2\Assets\Extensions\CloudOnce\Internal\CloudOnceExceptions.cs, C#, 0, 11, 0, 0, 0, 0, 0, 0, 0, 16, 3, 30
d:\Unity Projects\RocketPigV2\RocketPigV2\Assets\Extensions\CloudOnce\Internal\CloudOnceInternalEnums.cs, C#, 0, 33, 0, 0, 0, 0, 0, 0, 0, 8, 5, 46
d:\Unity Projects\RocketPigV2\RocketPigV2\Assets\Extensions\CloudOnce\Internal\CloudProviderBase.cs, C#, 0, 103, 0, 0, 0, 0, 0, 0, 0, 78, 26, 207
d:\Unity Projects\RocketPigV2\RocketPigV2\Assets\Extensions\CloudOnce\Internal\Data\CloudPrefs\CurrencyValue.cs, C#, 0, 62, 0, 0, 0, 0, 0, 0, 0, 40, 17, 119
d:\Unity Projects\RocketPigV2\RocketPigV2\Assets\Extensions\CloudOnce\Internal\Data\CloudPrefs\PersistentCurrency.cs, C#, 0, 165, 0, 0, 0, 0, 0, 0, 0, 38, 36, 239
d:\Unity Projects\RocketPigV2\RocketPigV2\Assets\Extensions\CloudOnce\Internal\Data\CloudPrefs\PersistentValue.cs, C#, 0, 123, 0, 0, 0, 0, 0, 0, 0, 50, 34, 207
d:\Unity Projects\RocketPigV2\RocketPigV2\Assets\Extensions\CloudOnce\Internal\Data\CloudPrefs\SyncableCurrency.cs, C#, 0, 101, 0, 0, 0, 0, 0, 0, 0, 47, 27, 175
d:\Unity Projects\RocketPigV2\RocketPigV2\Assets\Extensions\CloudOnce\Internal\Data\CloudPrefs\SyncableItem.cs, C#, 0, 73, 0, 0, 0, 0, 0, 0, 0, 43, 25, 141
d:\Unity Projects\RocketPigV2\RocketPigV2\Assets\Extensions\CloudOnce\Internal\Data\CloudPrefs\SyncableItemMetaData.cs, C#, 0, 112, 0, 0, 0, 0, 0, 0, 0, 47, 28, 187
d:\Unity Projects\RocketPigV2\RocketPigV2\Assets\Extensions\CloudOnce\Internal\Data\ConflictResolver.cs, C#, 0, 103, 0, 0, 0, 0, 0, 0, 0, 35, 32, 170
d:\Unity Projects\RocketPigV2\RocketPigV2\Assets\Extensions\CloudOnce\Internal\Data\DataManager.cs, C#, 0, 580, 0, 0, 0, 0, 0, 0, 0, 201, 110, 891
d:\Unity Projects\RocketPigV2\RocketPigV2\Assets\Extensions\CloudOnce\Internal\Data\GameData.cs, C#, 0, 94, 0, 0, 0, 0, 0, 0, 0, 12, 21, 127
d:\Unity Projects\RocketPigV2\RocketPigV2\Assets\Extensions\CloudOnce\Internal\Data\JSONObject\Editor\EditorJsonHelper.cs, C#, 0, 34, 0, 0, 0, 0, 0, 0, 0, 9, 7, 50
d:\Unity Projects\RocketPigV2\RocketPigV2\Assets\Extensions\CloudOnce\Internal\Data\JSONObject\JSONObject.cs, C#, 0, 691, 0, 0, 0, 0, 0, 0, 0, 37, 100, 828
d:\Unity Projects\RocketPigV2\RocketPigV2\Assets\Extensions\CloudOnce\Internal\Data\JSONObject\JsonHelper.cs, C#, 0, 87, 0, 0, 0, 0, 0, 0, 0, 10, 20, 117
d:\Unity Projects\RocketPigV2\RocketPigV2\Assets\Extensions\CloudOnce\Internal\Data\JSONObject\JsonInterfaces.cs, C#, 0, 14, 0, 0, 0, 0, 0, 0, 0, 4, 4, 22
d:\Unity Projects\RocketPigV2\RocketPigV2\Assets\Extensions\CloudOnce\Internal\Data\Templates\AndroidManifestTemplate.xml, XML, 31, 0, 0, 0, 0, 0, 0, 0, 0, 0, 2, 33
d:\Unity Projects\RocketPigV2\RocketPigV2\Assets\Extensions\CloudOnce\Internal\Data\iCloud\iCloudBridge.cs, C#, 0, 37, 0, 0, 0, 0, 0, 0, 0, 31, 13, 81
d:\Unity Projects\RocketPigV2\RocketPigV2\Assets\Extensions\CloudOnce\Internal\Data\iCloud\iCloudListener.cs, C#, 0, 40, 0, 0, 0, 0, 0, 0, 0, 14, 9, 63
d:\Unity Projects\RocketPigV2\RocketPigV2\Assets\Extensions\CloudOnce\Internal\Editor\CloudOnceEditor.cs, C#, 0, 1084, 0, 0, 0, 0, 0, 0, 0, 151, 202, 1437
d:\Unity Projects\RocketPigV2\RocketPigV2\Assets\Extensions\CloudOnce\Internal\Editor\CloudOnceUpgrader.cs, C#, 0, 110, 0, 0, 0, 0, 0, 0, 0, 4, 15, 129
d:\Unity Projects\RocketPigV2\RocketPigV2\Assets\Extensions\CloudOnce\Internal\Editor\Data\CloudConfig.cs, C#, 0, 186, 0, 0, 0, 0, 0, 0, 0, 33, 35, 254
d:\Unity Projects\RocketPigV2\RocketPigV2\Assets\Extensions\CloudOnce\Internal\Editor\Data\CloudOncePaths.cs, C#, 0, 13, 0, 0, 0, 0, 0, 0, 0, 4, 3, 20
d:\Unity Projects\RocketPigV2\RocketPigV2\Assets\Extensions\CloudOnce\Internal\Editor\Data\CloudVariableData.cs, C#, 0, 98, 0, 0, 0, 0, 0, 0, 0, 28, 18, 144
d:\Unity Projects\RocketPigV2\RocketPigV2\Assets\Extensions\CloudOnce\Internal\Editor\Data\PlatformIdData.cs, C#, 0, 73, 0, 0, 0, 0, 0, 0, 0, 42, 18, 133
d:\Unity Projects\RocketPigV2\RocketPigV2\Assets\Extensions\CloudOnce\Internal\Editor\Data\PluginVersion.cs, C#, 0, 8, 0, 0, 0, 0, 0, 0, 0, 7, 3, 18
d:\Unity Projects\RocketPigV2\RocketPigV2\Assets\Extensions\CloudOnce\Internal\Editor\MenuLinks.cs, C#, 0, 23, 0, 0, 0, 0, 0, 0, 0, 7, 5, 35
d:\Unity Projects\RocketPigV2\RocketPigV2\Assets\Extensions\CloudOnce\Internal\Editor\Utils\AndroidManifestModifier.cs, C#, 0, 75, 0, 0, 0, 0, 0, 0, 0, 28, 23, 126
d:\Unity Projects\RocketPigV2\RocketPigV2\Assets\Extensions\CloudOnce\Internal\Editor\Utils\BuildUtils.cs, C#, 0, 141, 0, 0, 0, 0, 0, 0, 0, 44, 26, 211
d:\Unity Projects\RocketPigV2\RocketPigV2\Assets\Extensions\CloudOnce\Internal\Editor\Utils\GooglePlayGamesSetup\GPGAndroidSetup.cs, C#, 0, 54, 0, 0, 0, 0, 0, 0, 0, 21, 11, 86
d:\Unity Projects\RocketPigV2\RocketPigV2\Assets\Extensions\CloudOnce\Internal\Editor\Utils\GooglePlayGamesSetup\GPGSStrings.cs, C#, 0, 65, 0, 0, 0, 0, 0, 0, 0, 16, 22, 103
d:\Unity Projects\RocketPigV2\RocketPigV2\Assets\Extensions\CloudOnce\Internal\Editor\Utils\GooglePlayGamesSetup\GPGSUtil.cs, C#, 0, 69, 0, 0, 0, 0, 0, 0, 0, 53, 13, 135
d:\Unity Projects\RocketPigV2\RocketPigV2\Assets\Extensions\CloudOnce\Internal\Editor\Utils\PlistBuddyHelper.cs, C#, 0, 85, 0, 0, 0, 0, 0, 0, 0, 17, 18, 120
d:\Unity Projects\RocketPigV2\RocketPigV2\Assets\Extensions\CloudOnce\Internal\Editor\Utils\SerializationUtils.cs, C#, 0, 442, 0, 0, 0, 0, 0, 0, 0, 37, 63, 542
d:\Unity Projects\RocketPigV2\RocketPigV2\Assets\Extensions\CloudOnce\Internal\Editor\Utils\ValidationUtils.cs, C#, 0, 321, 0, 0, 0, 0, 0, 0, 0, 75, 53, 449
d:\Unity Projects\RocketPigV2\RocketPigV2\Assets\Extensions\CloudOnce\Internal\Editor\Utils\iOSPostBuild.cs, C#, 0, 57, 0, 0, 0, 0, 0, 0, 0, 16, 16, 89
d:\Unity Projects\RocketPigV2\RocketPigV2\Assets\Extensions\CloudOnce\Internal\GenericAchievementsWrapper.cs, C#, 0, 84, 0, 0, 0, 0, 0, 0, 0, 65, 14, 163
d:\Unity Projects\RocketPigV2\RocketPigV2\Assets\Extensions\CloudOnce\Internal\GenericLeaderboardsWrapper.cs, C#, 0, 21, 0, 0, 0, 0, 0, 0, 0, 25, 5, 51
d:\Unity Projects\RocketPigV2\RocketPigV2\Assets\Extensions\CloudOnce\Internal\Interfaces\IAchievementUtils.cs, C#, 0, 14, 0, 0, 0, 0, 0, 0, 0, 48, 7, 69
d:\Unity Projects\RocketPigV2\RocketPigV2\Assets\Extensions\CloudOnce\Internal\Interfaces\ICloudProvider.cs, C#, 0, 21, 0, 0, 0, 0, 0, 0, 0, 60, 13, 94
d:\Unity Projects\RocketPigV2\RocketPigV2\Assets\Extensions\CloudOnce\Internal\Interfaces\ICloudStorageProvider.cs, C#, 0, 13, 0, 0, 0, 0, 0, 0, 0, 39, 8, 60
d:\Unity Projects\RocketPigV2\RocketPigV2\Assets\Extensions\CloudOnce\Internal\Interfaces\ILeaderboardUtils.cs, C#, 0, 11, 0, 0, 0, 0, 0, 0, 0, 27, 5, 43
d:\Unity Projects\RocketPigV2\RocketPigV2\Assets\Extensions\CloudOnce\Internal\Interfaces\IPersistent.cs, C#, 0, 9, 0, 0, 0, 0, 0, 0, 0, 17, 3, 29
d:\Unity Projects\RocketPigV2\RocketPigV2\Assets\Extensions\CloudOnce\Internal\UnifiedAchievement.cs, C#, 0, 230, 0, 0, 0, 0, 0, 0, 0, 74, 34, 338
d:\Unity Projects\RocketPigV2\RocketPigV2\Assets\Extensions\CloudOnce\Internal\UnifiedLeaderboard.cs, C#, 0, 32, 0, 0, 0, 0, 0, 0, 0, 34, 12, 78
d:\Unity Projects\RocketPigV2\RocketPigV2\Assets\Extensions\CloudOnce\Internal\Utils\AppleAchievementUtils.cs, C#, 0, 178, 0, 0, 0, 0, 0, 0, 0, 49, 30, 257
d:\Unity Projects\RocketPigV2\RocketPigV2\Assets\Extensions\CloudOnce\Internal\Utils\AppleLeaderboardUtils.cs, C#, 0, 82, 0, 0, 0, 0, 0, 0, 0, 27, 14, 123
d:\Unity Projects\RocketPigV2\RocketPigV2\Assets\Extensions\CloudOnce\Internal\Utils\CloudOnceUtils.cs, C#, 0, 113, 0, 0, 0, 0, 0, 0, 0, 40, 21, 174
d:\Unity Projects\RocketPigV2\RocketPigV2\Assets\Extensions\CloudOnce\Internal\Utils\EditorAchievementUtils.cs, C#, 0, 139, 0, 0, 0, 0, 0, 0, 0, 101, 39, 279
d:\Unity Projects\RocketPigV2\RocketPigV2\Assets\Extensions\CloudOnce\Internal\Utils\EditorLeaderboardUtils.cs, C#, 0, 41, 0, 0, 0, 0, 0, 0, 0, 27, 11, 79
d:\Unity Projects\RocketPigV2\RocketPigV2\Assets\Extensions\CloudOnce\Internal\Utils\GoogleAchievementUtils.cs, C#, 0, 155, 0, 0, 0, 0, 0, 0, 0, 49, 24, 228
d:\Unity Projects\RocketPigV2\RocketPigV2\Assets\Extensions\CloudOnce\Internal\Utils\GoogleLeaderboardUtils.cs, C#, 0, 98, 0, 0, 0, 0, 0, 0, 0, 27, 15, 140
d:\Unity Projects\RocketPigV2\RocketPigV2\Assets\Extensions\CloudOnce\Internal\Utils\InternetConnectionUtils.cs, C#, 0, 61, 0, 0, 0, 0, 0, 0, 0, 15, 7, 83
d:\Unity Projects\RocketPigV2\RocketPigV2\Assets\Extensions\CloudOnce\Providers\AppleGameCenter\iOSCloudProvider.cs, C#, 0, 183, 0, 0, 0, 0, 0, 0, 0, 60, 30, 273
d:\Unity Projects\RocketPigV2\RocketPigV2\Assets\Extensions\CloudOnce\Providers\AppleGameCenter\iOSCloudSaveWrapper.cs, C#, 0, 171, 0, 0, 0, 0, 0, 0, 0, 42, 25, 238
d:\Unity Projects\RocketPigV2\RocketPigV2\Assets\Extensions\CloudOnce\Providers\Cloud.cs, C#, 0, 154, 0, 0, 0, 0, 0, 0, 0, 90, 31, 275
d:\Unity Projects\RocketPigV2\RocketPigV2\Assets\Extensions\CloudOnce\Providers\DummyProvider\DummyProvider.cs, C#, 0, 70, 0, 0, 0, 0, 0, 0, 0, 61, 15, 146
d:\Unity Projects\RocketPigV2\RocketPigV2\Assets\Extensions\CloudOnce\Providers\DummyProvider\DummyStorageWrapper.cs, C#, 0, 41, 0, 0, 0, 0, 0, 0, 0, 38, 10, 89
d:\Unity Projects\RocketPigV2\RocketPigV2\Assets\Extensions\CloudOnce\Providers\GooglePlayGames\GooglePlayGamesCloudProvider.cs, C#, 0, 303, 0, 0, 0, 0, 0, 0, 0, 82, 53, 438
d:\Unity Projects\RocketPigV2\RocketPigV2\Assets\Extensions\CloudOnce\Providers\GooglePlayGames\GooglePlayGamesCloudSaveWrapper.cs, C#, 0, 309, 0, 0, 0, 0, 0, 0, 0, 43, 43, 395
d:\Unity Projects\RocketPigV2\RocketPigV2\Assets\Extensions\CloudOnce\Providers\TestProvider\TestProvider.cs, C#, 0, 143, 0, 0, 0, 0, 0, 0, 0, 106, 30, 279
d:\Unity Projects\RocketPigV2\RocketPigV2\Assets\Extensions\CloudOnce\Providers\TestProvider\TestProviderStorageWrapper.cs, C#, 0, 101, 0, 0, 0, 0, 0, 0, 0, 39, 15, 155
d:\Unity Projects\RocketPigV2\RocketPigV2\Assets\Extensions\CloudOnce\Quick Start Scripts\AchievementsButton.cs, C#, 0, 56, 0, 0, 0, 0, 0, 0, 0, 7, 9, 72
d:\Unity Projects\RocketPigV2\RocketPigV2\Assets\Extensions\CloudOnce\Quick Start Scripts\DeactivateOnAwakeIfNotGoogle.cs, C#, 0, 25, 0, 0, 0, 0, 0, 0, 0, 8, 4, 37
d:\Unity Projects\RocketPigV2\RocketPigV2\Assets\Extensions\CloudOnce\Quick Start Scripts\DeactivateOnCloudOnceEvent.cs, C#, 0, 74, 0, 0, 0, 0, 0, 0, 0, 8, 15, 97
d:\Unity Projects\RocketPigV2\RocketPigV2\Assets\Extensions\CloudOnce\Quick Start Scripts\GoogleSignOutButton.cs, C#, 0, 60, 0, 0, 0, 0, 0, 0, 0, 10, 13, 83
d:\Unity Projects\RocketPigV2\RocketPigV2\Assets\Extensions\CloudOnce\Quick Start Scripts\InitializeCloudOnce.cs, C#, 0, 18, 0, 0, 0, 0, 0, 0, 0, 7, 6, 31
d:\Unity Projects\RocketPigV2\RocketPigV2\Assets\Extensions\CloudOnce\Quick Start Scripts\LeaderboardsButton.cs, C#, 0, 56, 0, 0, 0, 0, 0, 0, 0, 7, 9, 72
d:\Unity Projects\RocketPigV2\RocketPigV2\Assets\Extensions\CloudOnce\Quick Start Scripts\LoadSceneOnCloudOnceEvent.cs, C#, 0, 103, 0, 0, 0, 0, 0, 0, 0, 7, 20, 130
d:\Unity Projects\RocketPigV2\RocketPigV2\Assets\Extensions\CloudOnce\link.xml, XML, 5, 0, 0, 0, 0, 0, 0, 0, 0, 0, 1, 6
d:\Unity Projects\RocketPigV2\RocketPigV2\Assets\Extensions\GooglePlayGames\BasicApi\Achievement.cs, C#, 0, 166, 0, 0, 0, 0, 0, 0, 0, 74, 30, 270
d:\Unity Projects\RocketPigV2\RocketPigV2\Assets\Extensions\GooglePlayGames\BasicApi\CommonStatusCodes.cs, C#, 0, 32, 0, 0, 0, 0, 0, 0, 0, 43, 2, 77
d:\Unity Projects\RocketPigV2\RocketPigV2\Assets\Extensions\GooglePlayGames\BasicApi\CommonTypes.cs, C#, 0, 78, 0, 0, 0, 0, 0, 0, 0, 79, 13, 170
d:\Unity Projects\RocketPigV2\RocketPigV2\Assets\Extensions\GooglePlayGames\BasicApi\DummyClient.cs, C#, 0, 256, 0, 0, 0, 0, 0, 0, 0, 217, 44, 517
d:\Unity Projects\RocketPigV2\RocketPigV2\Assets\Extensions\GooglePlayGames\BasicApi\Events\IEvent.cs, C#, 0, 35, 0, 0, 0, 0, 0, 0, 0, 37, 8, 80
d:\Unity Projects\RocketPigV2\RocketPigV2\Assets\Extensions\GooglePlayGames\BasicApi\Events\IEventsClient.cs, C#, 0, 13, 0, 0, 0, 0, 0, 0, 0, 44, 5, 62
d:\Unity Projects\RocketPigV2\RocketPigV2\Assets\Extensions\GooglePlayGames\BasicApi\IPlayGamesClient.cs, C#, 0, 57, 0, 0, 0, 0, 0, 0, 0, 286, 39, 382
d:\Unity Projects\RocketPigV2\RocketPigV2\Assets\Extensions\GooglePlayGames\BasicApi\LeaderboardScoreData.cs, C#, 0, 130, 0, 0, 0, 0, 0, 0, 0, 21, 23, 174
d:\Unity Projects\RocketPigV2\RocketPigV2\Assets\Extensions\GooglePlayGames\BasicApi\Multiplayer\IRealTimeMultiplayerClient.cs, C#, 0, 33, 0, 0, 0, 0, 0, 0, 0, 170, 19, 222
d:\Unity Projects\RocketPigV2\RocketPigV2\Assets\Extensions\GooglePlayGames\BasicApi\Multiplayer\ITurnBasedMultiplayerClient.cs, C#, 0, 36, 0, 0, 0, 0, 0, 0, 0, 193, 23, 252
d:\Unity Projects\RocketPigV2\RocketPigV2\Assets\Extensions\GooglePlayGames\BasicApi\Multiplayer\Invitation.cs, C#, 0, 70, 0, 0, 0, 0, 0, 0, 0, 41, 14, 125
d:\Unity Projects\RocketPigV2\RocketPigV2\Assets\Extensions\GooglePlayGames\BasicApi\Multiplayer\MatchOutcome.cs, C#, 0, 70, 0, 0, 0, 0, 0, 0, 0, 37, 15, 122
d:\Unity Projects\RocketPigV2\RocketPigV2\Assets\Extensions\GooglePlayGames\BasicApi\Multiplayer\Participant.cs, C#, 0, 107, 0, 0, 0, 0, 0, 0, 0, 43, 18, 168
d:\Unity Projects\RocketPigV2\RocketPigV2\Assets\Extensions\GooglePlayGames\BasicApi\Multiplayer\Player.cs, C#, 0, 12, 0, 0, 0, 0, 0, 0, 0, 21, 3, 36
d:\Unity Projects\RocketPigV2\RocketPigV2\Assets\Extensions\GooglePlayGames\BasicApi\Multiplayer\RealTimeMultiplayerListener.cs, C#, 0, 15, 0, 0, 0, 0, 0, 0, 0, 56, 8, 79
d:\Unity Projects\RocketPigV2\RocketPigV2\Assets\Extensions\GooglePlayGames\BasicApi\Multiplayer\TurnBasedMatch.cs, C#, 0, 201, 0, 0, 0, 0, 0, 0, 0, 35, 28, 264
d:\Unity Projects\RocketPigV2\RocketPigV2\Assets\Extensions\GooglePlayGames\BasicApi\Nearby\AdvertisingResult.cs, C#, 0, 37, 0, 0, 0, 0, 0, 0, 0, 15, 7, 59
d:\Unity Projects\RocketPigV2\RocketPigV2\Assets\Extensions\GooglePlayGames\BasicApi\Nearby\ConnectionRequest.cs, C#, 0, 30, 0, 0, 0, 0, 0, 0, 0, 15, 6, 51
d:\Unity Projects\RocketPigV2\RocketPigV2\Assets\Extensions\GooglePlayGames\BasicApi\Nearby\ConnectionResponse.cs, C#, 0, 90, 0, 0, 0, 0, 0, 0, 0, 15, 16, 121
d:\Unity Projects\RocketPigV2\RocketPigV2\Assets\Extensions\GooglePlayGames\BasicApi\Nearby\DummyNearbyConnectionClient.cs, C#, 0, 83, 0, 0, 0, 0, 0, 0, 0, 15, 22, 120
d:\Unity Projects\RocketPigV2\RocketPigV2\Assets\Extensions\GooglePlayGames\BasicApi\Nearby\EndpointDetails.cs, C#, 0, 37, 0, 0, 0, 0, 0, 0, 0, 15, 7, 59
d:\Unity Projects\RocketPigV2\RocketPigV2\Assets\Extensions\GooglePlayGames\BasicApi\Nearby\INearbyConnectionClient.cs, C#, 0, 41, 0, 0, 0, 0, 0, 0, 0, 16, 24, 81
d:\Unity Projects\RocketPigV2\RocketPigV2\Assets\Extensions\GooglePlayGames\BasicApi\Nearby\NearbyConnectionConfiguration.cs, C#, 0, 38, 0, 0, 0, 0, 0, 0, 0, 15, 8, 61
d:\Unity Projects\RocketPigV2\RocketPigV2\Assets\Extensions\GooglePlayGames\BasicApi\PlayGamesClientConfiguration.cs, C#, 0, 214, 0, 0, 0, 0, 0, 0, 0, 162, 54, 430
d:\Unity Projects\RocketPigV2\RocketPigV2\Assets\Extensions\GooglePlayGames\BasicApi\PlayerStats.cs, C#, 0, 104, 0, 0, 0, 0, 0, 0, 0, 117, 25, 246
d:\Unity Projects\RocketPigV2\RocketPigV2\Assets\Extensions\GooglePlayGames\BasicApi\SavedGame\ISavedGameClient.cs, C#, 0, 57, 0, 0, 0, 0, 0, 0, 0, 286, 30, 373
d:\Unity Projects\RocketPigV2\RocketPigV2\Assets\Extensions\GooglePlayGames\BasicApi\SavedGame\ISavedGameMetadata.cs, C#, 0, 31, 0, 0, 0, 0, 0, 0, 0, 57, 8, 96
d:\Unity Projects\RocketPigV2\RocketPigV2\Assets\Extensions\GooglePlayGames\BasicApi\SavedGame\SavedGameMetadataUpdate.cs, C#, 0, 97, 0, 0, 0, 0, 0, 0, 0, 21, 16, 134
d:\Unity Projects\RocketPigV2\RocketPigV2\Assets\Extensions\GooglePlayGames\BasicApi\ScorePageToken.cs, C#, 0, 48, 0, 0, 0, 0, 0, 0, 0, 21, 8, 77
d:\Unity Projects\RocketPigV2\RocketPigV2\Assets\Extensions\GooglePlayGames\BasicApi\Video\CaptureOverlayStateListener.cs, C#, 0, 7, 0, 0, 0, 0, 0, 0, 0, 23, 2, 32
d:\Unity Projects\RocketPigV2\RocketPigV2\Assets\Extensions\GooglePlayGames\BasicApi\Video\VideoCapabilities.cs, C#, 0, 78, 0, 0, 0, 0, 0, 0, 0, 23, 10, 111
d:\Unity Projects\RocketPigV2\RocketPigV2\Assets\Extensions\GooglePlayGames\BasicApi\Video\VideoCaptureState.cs, C#, 0, 68, 0, 0, 0, 0, 0, 0, 0, 33, 9, 110
d:\Unity Projects\RocketPigV2\RocketPigV2\Assets\Extensions\GooglePlayGames\BasicApi\Video\iVideoClient.cs, C#, 0, 15, 0, 0, 0, 0, 0, 0, 0, 72, 10, 97
d:\Unity Projects\RocketPigV2\RocketPigV2\Assets\Extensions\GooglePlayGames\Editor\GooglePlayGamesPluginDependencies.xml, XML, 10, 0, 0, 0, 0, 0, 0, 0, 0, 3, 1, 14
d:\Unity Projects\RocketPigV2\RocketPigV2\Assets\Extensions\GooglePlayGames\Editor\m2repository\com\google\games\gpgs-plugin-support\maven-metadata.xml, XML, 12, 0, 0, 0, 0, 0, 0, 0, 0, 0, 1, 13
d:\Unity Projects\RocketPigV2\RocketPigV2\Assets\Extensions\GooglePlayGames\GameInfo.cs, C#, 0, 31, 0, 0, 0, 0, 0, 0, 0, 33, 10, 74
d:\Unity Projects\RocketPigV2\RocketPigV2\Assets\Extensions\GooglePlayGames\ISocialPlatform\PlayGamesAchievement.cs, C#, 0, 211, 0, 0, 0, 0, 0, 0, 0, 88, 30, 329
d:\Unity Projects\RocketPigV2\RocketPigV2\Assets\Extensions\GooglePlayGames\ISocialPlatform\PlayGamesLeaderboard.cs, C#, 0, 179, 0, 0, 0, 0, 0, 0, 0, 15, 26, 220
d:\Unity Projects\RocketPigV2\RocketPigV2\Assets\Extensions\GooglePlayGames\ISocialPlatform\PlayGamesLocalUser.cs, C#, 0, 156, 0, 0, 0, 0, 0, 0, 0, 93, 24, 273
d:\Unity Projects\RocketPigV2\RocketPigV2\Assets\Extensions\GooglePlayGames\ISocialPlatform\PlayGamesPlatform.cs, C#, 0, 750, 0, 0, 0, 0, 0, 0, 0, 536, 127, 1413
d:\Unity Projects\RocketPigV2\RocketPigV2\Assets\Extensions\GooglePlayGames\ISocialPlatform\PlayGamesScore.cs, C#, 0, 87, 0, 0, 0, 0, 0, 0, 0, 51, 15, 153
d:\Unity Projects\RocketPigV2\RocketPigV2\Assets\Extensions\GooglePlayGames\ISocialPlatform\PlayGamesUserProfile.cs, C#, 0, 152, 0, 0, 0, 0, 0, 0, 0, 28, 25, 205
d:\Unity Projects\RocketPigV2\RocketPigV2\Assets\Extensions\GooglePlayGames\OurUtils\Logger.cs, C#, 0, 76, 0, 0, 0, 0, 0, 0, 0, 15, 15, 106
d:\Unity Projects\RocketPigV2\RocketPigV2\Assets\Extensions\GooglePlayGames\OurUtils\Misc.cs, C#, 0, 68, 0, 0, 0, 0, 0, 0, 0, 17, 16, 101
d:\Unity Projects\RocketPigV2\RocketPigV2\Assets\Extensions\GooglePlayGames\OurUtils\PlatformUtils.cs, C#, 0, 33, 0, 0, 0, 0, 0, 0, 0, 20, 6, 59
d:\Unity Projects\RocketPigV2\RocketPigV2\Assets\Extensions\GooglePlayGames\OurUtils\PlayGamesHelperObject.cs, C#, 0, 141, 0, 0, 0, 0, 0, 0, 0, 56, 25, 222
d:\Unity Projects\RocketPigV2\RocketPigV2\Assets\Extensions\GooglePlayGames\Platforms\Android\AndroidTokenClient.cs, C#, 0, 192, 0, 0, 0, 0, 0, 0, 0, 39, 26, 257
d:\Unity Projects\RocketPigV2\RocketPigV2\Assets\Extensions\GooglePlayGames\Platforms\Android\Developers\JavaInterfaceProxy.cs, C#, 0, 13, 0, 0, 0, 0, 0, 0, 0, 15, 3, 31
d:\Unity Projects\RocketPigV2\RocketPigV2\Assets\Extensions\GooglePlayGames\Platforms\Android\Developers\JavaObjWrapper.cs, C#, 0, 337, 0, 0, 0, 0, 0, 0, 0, 115, 40, 492
d:\Unity Projects\RocketPigV2\RocketPigV2\Assets\Extensions\GooglePlayGames\Platforms\Android\Gms\Common\Api\GoogleApiClient.cs, C#, 0, 103, 0, 0, 0, 0, 0, 0, 0, 21, 3, 127
d:\Unity Projects\RocketPigV2\RocketPigV2\Assets\Extensions\GooglePlayGames\Platforms\Android\Gms\Common\Api\PendingResult.cs, C#, 0, 43, 0, 0, 0, 0, 0, 0, 0, 21, 3, 67
d:\Unity Projects\RocketPigV2\RocketPigV2\Assets\Extensions\GooglePlayGames\Platforms\Android\Gms\Common\Api\Result.cs, C#, 0, 12, 0, 0, 0, 0, 0, 0, 0, 21, 2, 35
d:\Unity Projects\RocketPigV2\RocketPigV2\Assets\Extensions\GooglePlayGames\Platforms\Android\Gms\Common\Api\ResultCallback.cs, C#, 0, 13, 0, 0, 0, 0, 0, 0, 0, 21, 1, 35
d:\Unity Projects\RocketPigV2\RocketPigV2\Assets\Extensions\GooglePlayGames\Platforms\Android\Gms\Common\Api\ResultCallbackProxy.cs, C#, 0, 38, 0, 0, 0, 0, 0, 0, 0, 22, 3, 63
d:\Unity Projects\RocketPigV2\RocketPigV2\Assets\Extensions\GooglePlayGames\Platforms\Android\Gms\Common\Api\Status.cs, C#, 0, 111, 0, 0, 0, 0, 0, 0, 0, 21, 2, 134
d:\Unity Projects\RocketPigV2\RocketPigV2\Assets\Extensions\GooglePlayGames\Platforms\Android\Gms\Common\ConnectionResult.cs, C#, 0, 239, 0, 0, 0, 0, 0, 0, 0, 21, 2, 262
d:\Unity Projects\RocketPigV2\RocketPigV2\Assets\Extensions\GooglePlayGames\Platforms\Android\Gms\Games\Games.cs, C#, 0, 162, 0, 0, 0, 0, 0, 0, 0, 21, 4, 187
d:\Unity Projects\RocketPigV2\RocketPigV2\Assets\Extensions\GooglePlayGames\Platforms\Android\Gms\Games\Stats\LoadPlayerStatsResultObject.cs, C#, 0, 27, 0, 0, 0, 0, 0, 0, 0, 21, 3, 51
d:\Unity Projects\RocketPigV2\RocketPigV2\Assets\Extensions\GooglePlayGames\Platforms\Android\Gms\Games\Stats\PlayerStats.cs, C#, 0, 21, 0, 0, 0, 0, 0, 0, 0, 21, 2, 44
d:\Unity Projects\RocketPigV2\RocketPigV2\Assets\Extensions\GooglePlayGames\Platforms\Android\Gms\Games\Stats\PlayerStatsObject.cs, C#, 0, 77, 0, 0, 0, 0, 0, 0, 0, 21, 2, 100
d:\Unity Projects\RocketPigV2\RocketPigV2\Assets\Extensions\GooglePlayGames\Platforms\Android\Gms\Games\Stats\Stats.cs, C#, 0, 17, 0, 0, 0, 0, 0, 0, 0, 21, 1, 39
d:\Unity Projects\RocketPigV2\RocketPigV2\Assets\Extensions\GooglePlayGames\Platforms\Android\Gms\Games\Stats\StatsObject.cs, C#, 0, 22, 0, 0, 0, 0, 0, 0, 0, 21, 3, 46
d:\Unity Projects\RocketPigV2\RocketPigV2\Assets\Extensions\GooglePlayGames\Platforms\Native\CallbackUtils.cs, C#, 0, 43, 0, 0, 0, 0, 0, 0, 0, 15, 10, 68
d:\Unity Projects\RocketPigV2\RocketPigV2\Assets\Extensions\GooglePlayGames\Platforms\Native\ConversionUtils.cs, C#, 0, 164, 0, 0, 0, 0, 0, 0, 0, 15, 14, 193
d:\Unity Projects\RocketPigV2\RocketPigV2\Assets\Extensions\GooglePlayGames\Platforms\Native\Cwrapper\Achievement.cs, C#, 0, 64, 0, 0, 0, 0, 0, 0, 0, 15, 18, 97
d:\Unity Projects\RocketPigV2\RocketPigV2\Assets\Extensions\GooglePlayGames\Platforms\Native\Cwrapper\AchievementManager.cs, C#, 0, 77, 0, 0, 0, 0, 0, 0, 0, 15, 20, 112
d:\Unity Projects\RocketPigV2\RocketPigV2\Assets\Extensions\GooglePlayGames\Platforms\Native\Cwrapper\AndroidPlatformConfiguration.cs, C#, 0, 49, 0, 0, 0, 0, 0, 0, 0, 15, 13, 77
d:\Unity Projects\RocketPigV2\RocketPigV2\Assets\Extensions\GooglePlayGames\Platforms\Native\Cwrapper\Builder.cs, C#, 0, 95, 0, 0, 0, 0, 0, 0, 0, 15, 23, 133
d:\Unity Projects\RocketPigV2\RocketPigV2\Assets\Extensions\GooglePlayGames\Platforms\Native\Cwrapper\CaptureOverlayStateListenerHelper.cs, C#, 0, 24, 0, 0, 0, 0, 0, 0, 0, 15, 7, 46
d:\Unity Projects\RocketPigV2\RocketPigV2\Assets\Extensions\GooglePlayGames\Platforms\Native\Cwrapper\CommonErrorStatus.cs, C#, 0, 86, 0, 0, 0, 0, 0, 0, 0, 15, 10, 111
d:\Unity Projects\RocketPigV2\RocketPigV2\Assets\Extensions\GooglePlayGames\Platforms\Native\Cwrapper\EndpointDiscoveryListenerHelper.cs, C#, 0, 31, 0, 0, 0, 0, 0, 0, 0, 16, 9, 56
d:\Unity Projects\RocketPigV2\RocketPigV2\Assets\Extensions\GooglePlayGames\Platforms\Native\Cwrapper\Event.cs, C#, 0, 47, 0, 0, 0, 0, 0, 0, 0, 15, 12, 74
d:\Unity Projects\RocketPigV2\RocketPigV2\Assets\Extensions\GooglePlayGames\Platforms\Native\Cwrapper\EventManager.cs, C#, 0, 54, 0, 0, 0, 0, 0, 0, 0, 15, 16, 85
d:\Unity Projects\RocketPigV2\RocketPigV2\Assets\Extensions\GooglePlayGames\Platforms\Native\Cwrapper\GameServices.cs, C#, 0, 32, 0, 0, 0, 0, 0, 0, 0, 15, 10, 57
d:\Unity Projects\RocketPigV2\RocketPigV2\Assets\Extensions\GooglePlayGames\Platforms\Native\Cwrapper\InternalHooks.cs, C#, 0, 18, 0, 0, 0, 0, 0, 0, 0, 15, 6, 39
d:\Unity Projects\RocketPigV2\RocketPigV2\Assets\Extensions\GooglePlayGames\Platforms\Native\Cwrapper\Leaderboard.cs, C#, 0, 36, 0, 0, 0, 0, 0, 0, 0, 15, 9, 60
d:\Unity Projects\RocketPigV2\RocketPigV2\Assets\Extensions\GooglePlayGames\Platforms\Native\Cwrapper\LeaderboardManager.cs, C#, 0, 146, 0, 0, 0, 0, 0, 0, 0, 15, 36, 197
d:\Unity Projects\RocketPigV2\RocketPigV2\Assets\Extensions\GooglePlayGames\Platforms\Native\Cwrapper\MessageListenerHelper.cs, C#, 0, 33, 0, 0, 0, 0, 0, 0, 0, 16, 9, 58
d:\Unity Projects\RocketPigV2\RocketPigV2\Assets\Extensions\GooglePlayGames\Platforms\Native\Cwrapper\MultiplayerInvitation.cs, C#, 0, 45, 0, 0, 0, 0, 0, 0, 0, 15, 13, 73
d:\Unity Projects\RocketPigV2\RocketPigV2\Assets\Extensions\GooglePlayGames\Platforms\Native\Cwrapper\MultiplayerParticipant.cs, C#, 0, 58, 0, 0, 0, 0, 0, 0, 0, 15, 15, 88
d:\Unity Projects\RocketPigV2\RocketPigV2\Assets\Extensions\GooglePlayGames\Platforms\Native\Cwrapper\NearbyConnectionTypes.cs, C#, 0, 104, 0, 0, 0, 0, 0, 0, 0, 16, 25, 145
d:\Unity Projects\RocketPigV2\RocketPigV2\Assets\Extensions\GooglePlayGames\Platforms\Native\Cwrapper\NearbyConnections.cs, C#, 0, 75, 0, 0, 0, 0, 0, 0, 0, 16, 16, 107
d:\Unity Projects\RocketPigV2\RocketPigV2\Assets\Extensions\GooglePlayGames\Platforms\Native\Cwrapper\NearbyConnectionsBuilder.cs, C#, 0, 45, 0, 0, 0, 0, 0, 0, 0, 16, 11, 72
d:\Unity Projects\RocketPigV2\RocketPigV2\Assets\Extensions\GooglePlayGames\Platforms\Native\Cwrapper\NearbyConnectionsStatus.cs, C#, 0, 15, 0, 0, 0, 0, 0, 0, 0, 16, 3, 34
d:\Unity Projects\RocketPigV2\RocketPigV2\Assets\Extensions\GooglePlayGames\Platforms\Native\Cwrapper\ParticipantResults.cs, C#, 0, 36, 0, 0, 0, 0, 0, 0, 0, 15, 9, 60
d:\Unity Projects\RocketPigV2\RocketPigV2\Assets\Extensions\GooglePlayGames\Platforms\Native\Cwrapper\Player.cs, C#, 0, 53, 0, 0, 0, 0, 0, 0, 0, 15, 13, 81
d:\Unity Projects\RocketPigV2\RocketPigV2\Assets\Extensions\GooglePlayGames\Platforms\Native\Cwrapper\PlayerManager.cs, C#, 0, 81, 0, 0, 0, 0, 0, 0, 0, 15, 21, 117
d:\Unity Projects\RocketPigV2\RocketPigV2\Assets\Extensions\GooglePlayGames\Platforms\Native\Cwrapper\PlayerStats.cs, C#, 0, 66, 0, 0, 0, 0, 0, 0, 0, 15, 19, 100
d:\Unity Projects\RocketPigV2\RocketPigV2\Assets\Extensions\GooglePlayGames\Platforms\Native\Cwrapper\RealTimeEventListenerHelper.cs, C#, 0, 71, 0, 0, 0, 0, 0, 0, 0, 15, 17, 103
d:\Unity Projects\RocketPigV2\RocketPigV2\Assets\Extensions\GooglePlayGames\Platforms\Native\Cwrapper\RealTimeMultiplayerManager.cs, C#, 0, 147, 0, 0, 0, 0, 0, 0, 0, 15, 35, 197
d:\Unity Projects\RocketPigV2\RocketPigV2\Assets\Extensions\GooglePlayGames\Platforms\Native\Cwrapper\RealTimeRoom.cs, C#, 0, 53, 0, 0, 0, 0, 0, 0, 0, 15, 15, 83
d:\Unity Projects\RocketPigV2\RocketPigV2\Assets\Extensions\GooglePlayGames\Platforms\Native\Cwrapper\RealTimeRoomConfig.cs, C#, 0, 39, 0, 0, 0, 0, 0, 0, 0, 15, 11, 65
d:\Unity Projects\RocketPigV2\RocketPigV2\Assets\Extensions\GooglePlayGames\Platforms\Native\Cwrapper\RealTimeRoomConfigBuilder.cs, C#, 0, 43, 0, 0, 0, 0, 0, 0, 0, 15, 12, 70
d:\Unity Projects\RocketPigV2\RocketPigV2\Assets\Extensions\GooglePlayGames\Platforms\Native\Cwrapper\Score.cs, C#, 0, 29, 0, 0, 0, 0, 0, 0, 0, 15, 8, 52
d:\Unity Projects\RocketPigV2\RocketPigV2\Assets\Extensions\GooglePlayGames\Platforms\Native\Cwrapper\ScorePage.cs, C#, 0, 81, 0, 0, 0, 0, 0, 0, 0, 15, 23, 119
d:\Unity Projects\RocketPigV2\RocketPigV2\Assets\Extensions\GooglePlayGames\Platforms\Native\Cwrapper\ScoreSummary.cs, C#, 0, 35, 0, 0, 0, 0, 0, 0, 0, 15, 10, 60
d:\Unity Projects\RocketPigV2\RocketPigV2\Assets\Extensions\GooglePlayGames\Platforms\Native\Cwrapper\Sentinels.cs, C#, 0, 12, 0, 0, 0, 0, 0, 0, 0, 15, 7, 34
d:\Unity Projects\RocketPigV2\RocketPigV2\Assets\Extensions\GooglePlayGames\Platforms\Native\Cwrapper\SnapshotManager.cs, C#, 0, 154, 0, 0, 0, 0, 0, 0, 0, 15, 36, 205
d:\Unity Projects\RocketPigV2\RocketPigV2\Assets\Extensions\GooglePlayGames\Platforms\Native\Cwrapper\SnapshotMetadata.cs, C#, 0, 43, 0, 0, 0, 0, 0, 0, 0, 15, 11, 69
d:\Unity Projects\RocketPigV2\RocketPigV2\Assets\Extensions\GooglePlayGames\Platforms\Native\Cwrapper\SnapshotMetadataChange.cs, C#, 0, 41, 0, 0, 0, 0, 0, 0, 0, 15, 11, 67
d:\Unity Projects\RocketPigV2\RocketPigV2\Assets\Extensions\GooglePlayGames\Platforms\Native\Cwrapper\SnapshotMetadataChangeBuilder.cs, C#, 0, 31, 0, 0, 0, 0, 0, 0, 0, 15, 9, 55
d:\Unity Projects\RocketPigV2\RocketPigV2\Assets\Extensions\GooglePlayGames\Platforms\Native\Cwrapper\StatsManager.cs, C#, 0, 28, 0, 0, 0, 0, 0, 0, 0, 15, 8, 51
d:\Unity Projects\RocketPigV2\RocketPigV2\Assets\Extensions\GooglePlayGames\Platforms\Native\Cwrapper\Status.cs, C#, 0, 74, 0, 0, 0, 0, 0, 0, 0, 15, 9, 98
d:\Unity Projects\RocketPigV2\RocketPigV2\Assets\Extensions\GooglePlayGames\Platforms\Native\Cwrapper\SymbolLocation.cs, C#, 0, 9, 0, 0, 0, 0, 0, 0, 0, 15, 2, 26
d:\Unity Projects\RocketPigV2\RocketPigV2\Assets\Extensions\GooglePlayGames\Platforms\Native\Cwrapper\TurnBasedMatch.cs, C#, 0, 98, 0, 0, 0, 0, 0, 0, 0, 15, 27, 140
d:\Unity Projects\RocketPigV2\RocketPigV2\Assets\Extensions\GooglePlayGames\Platforms\Native\Cwrapper\TurnBasedMatchConfig.cs, C#, 0, 39, 0, 0, 0, 0, 0, 0, 0, 15, 11, 65
d:\Unity Projects\RocketPigV2\RocketPigV2\Assets\Extensions\GooglePlayGames\Platforms\Native\Cwrapper\TurnBasedMatchConfigBuilder.cs, C#, 0, 42, 0, 0, 0, 0, 0, 0, 0, 15, 12, 69
d:\Unity Projects\RocketPigV2\RocketPigV2\Assets\Extensions\GooglePlayGames\Platforms\Native\Cwrapper\TurnBasedMultiplayerManager.cs, C#, 0, 200, 0, 0, 0, 0, 0, 0, 0, 15, 47, 262
d:\Unity Projects\RocketPigV2\RocketPigV2\Assets\Extensions\GooglePlayGames\Platforms\Native\Cwrapper\Types.cs, C#, 0, 141, 0, 0, 0, 0, 0, 0, 0, 15, 23, 179
d:\Unity Projects\RocketPigV2\RocketPigV2\Assets\Extensions\GooglePlayGames\Platforms\Native\Cwrapper\VideoCapabilities.cs, C#, 0, 40, 0, 0, 0, 0, 0, 0, 0, 15, 10, 65
d:\Unity Projects\RocketPigV2\RocketPigV2\Assets\Extensions\GooglePlayGames\Platforms\Native\Cwrapper\VideoCaptureState.cs, C#, 0, 36, 0, 0, 0, 0, 0, 0, 0, 15, 10, 61
d:\Unity Projects\RocketPigV2\RocketPigV2\Assets\Extensions\GooglePlayGames\Platforms\Native\Cwrapper\VideoManager.cs, C#, 0, 77, 0, 0, 0, 0, 0, 0, 0, 15, 22, 114
d:\Unity Projects\RocketPigV2\RocketPigV2\Assets\Extensions\GooglePlayGames\Platforms\Native\JavaUtils.cs, C#, 0, 35, 0, 0, 0, 0, 0, 0, 0, 28, 8, 71
d:\Unity Projects\RocketPigV2\RocketPigV2\Assets\Extensions\GooglePlayGames\Platforms\Native\NativeClient.cs, C#, 0, 735, 0, 0, 0, 0, 0, 0, 0, 124, 116, 975
d:\Unity Projects\RocketPigV2\RocketPigV2\Assets\Extensions\GooglePlayGames\Platforms\Native\NativeEventClient.cs, C#, 0, 66, 0, 0, 0, 0, 0, 0, 0, 15, 13, 94
d:\Unity Projects\RocketPigV2\RocketPigV2\Assets\Extensions\GooglePlayGames\Platforms\Native\NativeNearbyConnectionClientFactory.cs, C#, 0, 49, 0, 0, 0, 0, 0, 0, 0, 20, 11, 80
d:\Unity Projects\RocketPigV2\RocketPigV2\Assets\Extensions\GooglePlayGames\Platforms\Native\NativeNearbyConnectionsClient.cs, C#, 0, 238, 0, 0, 0, 0, 0, 0, 0, 18, 52, 308
d:\Unity Projects\RocketPigV2\RocketPigV2\Assets\Extensions\GooglePlayGames\Platforms\Native\NativeRealtimeMultiplayerClient.cs, C#, 0, 1057, 0, 0, 0, 0, 0, 0, 0, 159, 198, 1414
d:\Unity Projects\RocketPigV2\RocketPigV2\Assets\Extensions\GooglePlayGames\Platforms\Native\NativeSavedGameClient.cs, C#, 0, 526, 0, 0, 0, 0, 0, 0, 0, 54, 76, 656
d:\Unity Projects\RocketPigV2\RocketPigV2\Assets\Extensions\GooglePlayGames\Platforms\Native\NativeTurnBasedMultiplayerClient.cs, C#, 0, 463, 0, 0, 0, 0, 0, 0, 0, 52, 52, 567
d:\Unity Projects\RocketPigV2\RocketPigV2\Assets\Extensions\GooglePlayGames\Platforms\Native\NativeVideoClient.cs, C#, 0, 119, 0, 0, 0, 0, 0, 0, 0, 15, 18, 152
d:\Unity Projects\RocketPigV2\RocketPigV2\Assets\Extensions\GooglePlayGames\Platforms\Native\PInvoke\AchievementManager.cs, C#, 0, 147, 0, 0, 0, 0, 0, 0, 0, 15, 39, 201
d:\Unity Projects\RocketPigV2\RocketPigV2\Assets\Extensions\GooglePlayGames\Platforms\Native\PInvoke\AndroidPlatformConfiguration.cs, C#, 0, 39, 0, 0, 0, 0, 0, 0, 0, 15, 12, 66
d:\Unity Projects\RocketPigV2\RocketPigV2\Assets\Extensions\GooglePlayGames\Platforms\Native\PInvoke\BaseReferenceHolder.cs, C#, 0, 69, 0, 0, 0, 0, 0, 0, 0, 15, 18, 102
d:\Unity Projects\RocketPigV2\RocketPigV2\Assets\Extensions\GooglePlayGames\Platforms\Native\PInvoke\Callbacks.cs, C#, 0, 200, 0, 0, 0, 0, 0, 0, 0, 23, 34, 257
d:\Unity Projects\RocketPigV2\RocketPigV2\Assets\Extensions\GooglePlayGames\Platforms\Native\PInvoke\CaptureOverlayStateListenerHelper.cs, C#, 0, 48, 0, 0, 0, 0, 0, 0, 0, 15, 11, 74
d:\Unity Projects\RocketPigV2\RocketPigV2\Assets\Extensions\GooglePlayGames\Platforms\Native\PInvoke\EventManager.cs, C#, 0, 123, 0, 0, 0, 0, 0, 0, 0, 15, 26, 164
d:\Unity Projects\RocketPigV2\RocketPigV2\Assets\Extensions\GooglePlayGames\Platforms\Native\PInvoke\GameServices.cs, C#, 0, 54, 0, 0, 0, 0, 0, 0, 0, 15, 16, 85
d:\Unity Projects\RocketPigV2\RocketPigV2\Assets\Extensions\GooglePlayGames\Platforms\Native\PInvoke\GameServicesBuilder.cs, C#, 0, 162, 0, 0, 0, 0, 0, 0, 0, 17, 30, 209
d:\Unity Projects\RocketPigV2\RocketPigV2\Assets\Extensions\GooglePlayGames\Platforms\Native\PInvoke\LeaderboardManager.cs, C#, 0, 283, 0, 0, 0, 0, 0, 0, 0, 50, 58, 391
d:\Unity Projects\RocketPigV2\RocketPigV2\Assets\Extensions\GooglePlayGames\Platforms\Native\PInvoke\MultiplayerInvitation.cs, C#, 0, 94, 0, 0, 0, 0, 0, 0, 0, 15, 22, 131
d:\Unity Projects\RocketPigV2\RocketPigV2\Assets\Extensions\GooglePlayGames\Platforms\Native\PInvoke\MultiplayerParticipant.cs, C#, 0, 91, 0, 0, 0, 0, 0, 0, 0, 16, 20, 127
d:\Unity Projects\RocketPigV2\RocketPigV2\Assets\Extensions\GooglePlayGames\Platforms\Native\PInvoke\NativeAchievement.cs, C#, 0, 102, 0, 0, 0, 0, 0, 0, 0, 15, 25, 142
d:\Unity Projects\RocketPigV2\RocketPigV2\Assets\Extensions\GooglePlayGames\Platforms\Native\PInvoke\NativeAppIdentifier.cs, C#, 0, 32, 0, 0, 0, 0, 0, 0, 0, 16, 10, 58
d:\Unity Projects\RocketPigV2\RocketPigV2\Assets\Extensions\GooglePlayGames\Platforms\Native\PInvoke\NativeConnectionRequest.cs, C#, 0, 53, 0, 0, 0, 0, 0, 0, 0, 16, 10, 79
d:\Unity Projects\RocketPigV2\RocketPigV2\Assets\Extensions\GooglePlayGames\Platforms\Native\PInvoke\NativeConnectionResponse.cs, C#, 0, 64, 0, 0, 0, 0, 0, 0, 0, 16, 11, 91
d:\Unity Projects\RocketPigV2\RocketPigV2\Assets\Extensions\GooglePlayGames\Platforms\Native\PInvoke\NativeEndpointDetails.cs, C#, 0, 48, 0, 0, 0, 0, 0, 0, 0, 16, 12, 76
d:\Unity Projects\RocketPigV2\RocketPigV2\Assets\Extensions\GooglePlayGames\Platforms\Native\PInvoke\NativeEndpointDiscoveryListenerHelper.cs, C#, 0, 65, 0, 0, 0, 0, 0, 0, 0, 17, 13, 95
d:\Unity Projects\RocketPigV2\RocketPigV2\Assets\Extensions\GooglePlayGames\Platforms\Native\PInvoke\NativeEvent.cs, C#, 0, 87, 0, 0, 0, 0, 0, 0, 0, 15, 15, 117
d:\Unity Projects\RocketPigV2\RocketPigV2\Assets\Extensions\GooglePlayGames\Platforms\Native\PInvoke\NativeLeaderboard.cs, C#, 0, 30, 0, 0, 0, 0, 0, 0, 0, 15, 12, 57
d:\Unity Projects\RocketPigV2\RocketPigV2\Assets\Extensions\GooglePlayGames\Platforms\Native\PInvoke\NativeMessageListenerHelper.cs, C#, 0, 80, 0, 0, 0, 0, 0, 0, 0, 16, 16, 112
d:\Unity Projects\RocketPigV2\RocketPigV2\Assets\Extensions\GooglePlayGames\Platforms\Native\PInvoke\NativePlayer.cs, C#, 0, 41, 0, 0, 0, 0, 0, 0, 0, 15, 12, 68
d:\Unity Projects\RocketPigV2\RocketPigV2\Assets\Extensions\GooglePlayGames\Platforms\Native\PInvoke\NativePlayerStats.cs, C#, 0, 98, 0, 0, 0, 0, 0, 0, 0, 15, 23, 136
d:\Unity Projects\RocketPigV2\RocketPigV2\Assets\Extensions\GooglePlayGames\Platforms\Native\PInvoke\NativeRealTimeRoom.cs, C#, 0, 50, 0, 0, 0, 0, 0, 0, 0, 15, 13, 78
d:\Unity Projects\RocketPigV2\RocketPigV2\Assets\Extensions\GooglePlayGames\Platforms\Native\PInvoke\NativeScore.cs, C#, 0, 63, 0, 0, 0, 0, 0, 0, 0, 16, 14, 93
d:\Unity Projects\RocketPigV2\RocketPigV2\Assets\Extensions\GooglePlayGames\Platforms\Native\PInvoke\NativeScoreEntry.cs, C#, 0, 52, 0, 0, 0, 0, 0, 0, 0, 15, 14, 81
d:\Unity Projects\RocketPigV2\RocketPigV2\Assets\Extensions\GooglePlayGames\Platforms\Native\PInvoke\NativeScorePage.cs, C#, 0, 86, 0, 0, 0, 0, 0, 0, 0, 15, 22, 123
d:\Unity Projects\RocketPigV2\RocketPigV2\Assets\Extensions\GooglePlayGames\Platforms\Native\PInvoke\NativeScorePageToken.cs, C#, 0, 19, 0, 0, 0, 0, 0, 0, 0, 15, 8, 42
d:\Unity Projects\RocketPigV2\RocketPigV2\Assets\Extensions\GooglePlayGames\Platforms\Native\PInvoke\NativeScoreSummary.cs, C#, 0, 34, 0, 0, 0, 0, 0, 0, 0, 15, 11, 60
d:\Unity Projects\RocketPigV2\RocketPigV2\Assets\Extensions\GooglePlayGames\Platforms\Native\PInvoke\NativeSnapshotMetadata.cs, C#, 0, 86, 0, 0, 0, 0, 0, 0, 0, 16, 17, 119
d:\Unity Projects\RocketPigV2\RocketPigV2\Assets\Extensions\GooglePlayGames\Platforms\Native\PInvoke\NativeSnapshotMetadataChange.cs, C#, 0, 77, 0, 0, 0, 0, 0, 0, 0, 15, 18, 110
d:\Unity Projects\RocketPigV2\RocketPigV2\Assets\Extensions\GooglePlayGames\Platforms\Native\PInvoke\NativeStartAdvertisingResult.cs, C#, 0, 46, 0, 0, 0, 0, 0, 0, 0, 16, 11, 73
d:\Unity Projects\RocketPigV2\RocketPigV2\Assets\Extensions\GooglePlayGames\Platforms\Native\PInvoke\NativeTurnBasedMatch.cs, C#, 0, 211, 0, 0, 0, 0, 0, 0, 0, 28, 38, 277
d:\Unity Projects\RocketPigV2\RocketPigV2\Assets\Extensions\GooglePlayGames\Platforms\Native\PInvoke\NativeVideoCapabilities.cs, C#, 0, 45, 0, 0, 0, 0, 0, 0, 0, 15, 16, 76
d:\Unity Projects\RocketPigV2\RocketPigV2\Assets\Extensions\GooglePlayGames\Platforms\Native\PInvoke\NativeVideoCaptureState.cs, C#, 0, 45, 0, 0, 0, 0, 0, 0, 0, 15, 16, 76
d:\Unity Projects\RocketPigV2\RocketPigV2\Assets\Extensions\GooglePlayGames\Platforms\Native\PInvoke\NearbyConnectionsManager.cs, C#, 0, 170, 0, 0, 0, 0, 0, 0, 0, 16, 34, 220
d:\Unity Projects\RocketPigV2\RocketPigV2\Assets\Extensions\GooglePlayGames\Platforms\Native\PInvoke\NearbyConnectionsManagerBuilder.cs, C#, 0, 68, 0, 0, 0, 0, 0, 0, 0, 16, 14, 98
d:\Unity Projects\RocketPigV2\RocketPigV2\Assets\Extensions\GooglePlayGames\Platforms\Native\PInvoke\PInvokeUtilities.cs, C#, 0, 100, 0, 0, 0, 0, 0, 0, 0, 18, 25, 143
d:\Unity Projects\RocketPigV2\RocketPigV2\Assets\Extensions\GooglePlayGames\Platforms\Native\PInvoke\ParticipantResults.cs, C#, 0, 39, 0, 0, 0, 0, 0, 0, 0, 15, 10, 64
d:\Unity Projects\RocketPigV2\RocketPigV2\Assets\Extensions\GooglePlayGames\Platforms\Native\PInvoke\PlatformConfiguration.cs, C#, 0, 18, 0, 0, 0, 0, 0, 0, 0, 15, 7, 40
d:\Unity Projects\RocketPigV2\RocketPigV2\Assets\Extensions\GooglePlayGames\Platforms\Native\PInvoke\PlayerManager.cs, C#, 0, 208, 0, 0, 0, 0, 0, 0, 0, 15, 40, 263
d:\Unity Projects\RocketPigV2\RocketPigV2\Assets\Extensions\GooglePlayGames\Platforms\Native\PInvoke\PlayerSelectUIResponse.cs, C#, 0, 60, 0, 0, 0, 0, 0, 0, 0, 15, 15, 90
d:\Unity Projects\RocketPigV2\RocketPigV2\Assets\Extensions\GooglePlayGames\Platforms\Native\PInvoke\RealTimeEventListenerHelper.cs, C#, 0, 186, 0, 0, 0, 0, 0, 0, 0, 22, 32, 240
d:\Unity Projects\RocketPigV2\RocketPigV2\Assets\Extensions\GooglePlayGames\Platforms\Native\PInvoke\RealtimeManager.cs, C#, 0, 323, 0, 0, 0, 0, 0, 0, 0, 15, 67, 405
d:\Unity Projects\RocketPigV2\RocketPigV2\Assets\Extensions\GooglePlayGames\Platforms\Native\PInvoke\RealtimeRoomConfig.cs, C#, 0, 29, 0, 0, 0, 0, 0, 0, 0, 15, 9, 53
d:\Unity Projects\RocketPigV2\RocketPigV2\Assets\Extensions\GooglePlayGames\Platforms\Native\PInvoke\RealtimeRoomConfigBuilder.cs, C#, 0, 64, 0, 0, 0, 0, 0, 0, 0, 15, 16, 95
d:\Unity Projects\RocketPigV2\RocketPigV2\Assets\Extensions\GooglePlayGames\Platforms\Native\PInvoke\SnapshotManager.cs, C#, 0, 357, 0, 0, 0, 0, 0, 0, 0, 15, 68, 440
d:\Unity Projects\RocketPigV2\RocketPigV2\Assets\Extensions\GooglePlayGames\Platforms\Native\PInvoke\StatsManager.cs, C#, 0, 58, 0, 0, 0, 0, 0, 0, 0, 15, 14, 87
d:\Unity Projects\RocketPigV2\RocketPigV2\Assets\Extensions\GooglePlayGames\Platforms\Native\PInvoke\TurnBasedManager.cs, C#, 0, 336, 0, 0, 0, 0, 0, 0, 0, 17, 59, 412
d:\Unity Projects\RocketPigV2\RocketPigV2\Assets\Extensions\GooglePlayGames\Platforms\Native\PInvoke\TurnBasedMatchConfig.cs, C#, 0, 51, 0, 0, 0, 0, 0, 0, 0, 15, 13, 79
d:\Unity Projects\RocketPigV2\RocketPigV2\Assets\Extensions\GooglePlayGames\Platforms\Native\PInvoke\TurnBasedMatchConfigBuilder.cs, C#, 0, 60, 0, 0, 0, 0, 0, 0, 0, 15, 16, 91
d:\Unity Projects\RocketPigV2\RocketPigV2\Assets\Extensions\GooglePlayGames\Platforms\Native\PInvoke\VideoManager.cs, C#, 0, 183, 0, 0, 0, 0, 0, 0, 0, 15, 39, 237
d:\Unity Projects\RocketPigV2\RocketPigV2\Assets\Extensions\GooglePlayGames\Platforms\Native\Platforms\Android\AndroidClient.cs, C#, 0, 155, 0, 0, 0, 0, 0, 0, 0, 25, 19, 199
d:\Unity Projects\RocketPigV2\RocketPigV2\Assets\Extensions\GooglePlayGames\Platforms\Native\Platforms\IClientImpl.cs, C#, 0, 15, 0, 0, 0, 0, 0, 0, 0, 25, 8, 48
d:\Unity Projects\RocketPigV2\RocketPigV2\Assets\Extensions\GooglePlayGames\Platforms\Native\UnsupportedSavedGamesClient.cs, C#, 0, 54, 0, 0, 0, 0, 0, 0, 0, 15, 13, 82
d:\Unity Projects\RocketPigV2\RocketPigV2\Assets\Extensions\GooglePlayGames\Platforms\NearbyConnectionClientFactory.cs, C#, 0, 38, 0, 0, 0, 0, 0, 0, 0, 16, 6, 60
d:\Unity Projects\RocketPigV2\RocketPigV2\Assets\Extensions\GooglePlayGames\Platforms\PlayGamesClientFactory.cs, C#, 0, 28, 0, 0, 0, 0, 0, 0, 0, 15, 3, 46
d:\Unity Projects\RocketPigV2\RocketPigV2\Assets\Extensions\GooglePlayGames\Platforms\TokenClient.cs, C#, 0, 23, 0, 0, 0, 0, 0, 0, 0, 36, 13, 72
d:\Unity Projects\RocketPigV2\RocketPigV2\Assets\Extensions\GooglePlayGames\PluginVersion.cs, C#, 0, 18, 0, 0, 0, 0, 0, 0, 0, 22, 8, 48
d:\Unity Projects\RocketPigV2\RocketPigV2\Assets\Extensions\GooglePlayGames\Plugins\Android\GooglePlayGamesManifest.plugin\AndroidManifest.xml, XML, 17, 0, 0, 0, 0, 0, 0, 0, 0, 5, 7, 29
d:\Unity Projects\RocketPigV2\RocketPigV2\Assets\Extensions\GooglePlayGames\Plugins\Android\GooglePlayGamesManifest.plugin\project.properties, Properties, 0, 0, 0, 0, 0, 0, 0, 0, 2, 0, 1, 3
d:\Unity Projects\RocketPigV2\RocketPigV2\Assets\PlayPageOptions.cs, C#, 0, 111, 0, 0, 0, 0, 0, 0, 0, 4, 15, 130
d:\Unity Projects\RocketPigV2\RocketPigV2\Assets\Plugins\iOS\CloudOnceAchievements.h, C++, 0, 0, 0, 0, 15, 0, 0, 0, 0, 8, 7, 30
d:\Unity Projects\RocketPigV2\RocketPigV2\Assets\Plugins\iOS\CloudOnceAchievements.mm, Objective-C++, 0, 0, 0, 0, 0, 123, 0, 0, 0, 9, 17, 149
d:\Unity Projects\RocketPigV2\RocketPigV2\Assets\Plugins\iOS\CloudOnceCloudSave.h, C++, 0, 0, 0, 0, 10, 0, 0, 0, 0, 8, 6, 24
d:\Unity Projects\RocketPigV2\RocketPigV2\Assets\Plugins\iOS\CloudOnceCloudSave.mm, Objective-C++, 0, 0, 0, 0, 0, 132, 0, 0, 0, 11, 22, 165
d:\Unity Projects\RocketPigV2\RocketPigV2\Assets\Scripts\CometFall.cs, C#, 0, 29, 0, 0, 0, 0, 0, 0, 0, 5, 11, 45
d:\Unity Projects\RocketPigV2\RocketPigV2\Assets\Scripts\CometFallType2.cs, C#, 0, 28, 0, 0, 0, 0, 0, 0, 0, 6, 9, 43
d:\Unity Projects\RocketPigV2\RocketPigV2\Assets\Scripts\DestroyOnExit.cs, C#, 0, 8, 0, 0, 0, 0, 0, 0, 0, 0, 1, 9
d:\Unity Projects\RocketPigV2\RocketPigV2\Assets\Scripts\DestroySpawnInstance.cs, C#, 0, 22, 0, 0, 0, 0, 0, 0, 0, 0, 8, 30
d:\Unity Projects\RocketPigV2\RocketPigV2\Assets\Scripts\FuelBarScript.cs, C#, 0, 78, 0, 0, 0, 0, 0, 0, 0, 10, 20, 108
d:\Unity Projects\RocketPigV2\RocketPigV2\Assets\Scripts\GameOverOptions.cs, C#, 0, 66, 0, 0, 0, 0, 0, 0, 0, 3, 14, 83
d:\Unity Projects\RocketPigV2\RocketPigV2\Assets\Scripts\GuitarFall.cs, C#, 0, 32, 0, 0, 0, 0, 0, 0, 0, 5, 5, 42
d:\Unity Projects\RocketPigV2\RocketPigV2\Assets\Scripts\MainMenuOptions.cs, C#, 0, 169, 0, 0, 0, 0, 0, 0, 0, 27, 47, 243
d:\Unity Projects\RocketPigV2\RocketPigV2\Assets\Scripts\PauseMenuScript.cs, C#, 0, 51, 0, 0, 0, 0, 0, 0, 0, 7, 18, 76
d:\Unity Projects\RocketPigV2\RocketPigV2\Assets\Scripts\PlayGameScene.cs, C#, 0, 136, 0, 0, 0, 0, 0, 0, 0, 18, 19, 173
d:\Unity Projects\RocketPigV2\RocketPigV2\Assets\Scripts\PowerUpFall.cs, C#, 0, 33, 0, 0, 0, 0, 0, 0, 0, 6, 8, 47
d:\Unity Projects\RocketPigV2\RocketPigV2\Assets\Scripts\PreloaderScene.cs, C#, 0, 33, 0, 0, 0, 0, 0, 0, 0, 5, 8, 46
d:\Unity Projects\RocketPigV2\RocketPigV2\Assets\Scripts\RainbowNotes.cs, C#, 0, 76, 0, 0, 0, 0, 0, 0, 0, 4, 15, 95
d:\Unity Projects\RocketPigV2\RocketPigV2\Assets\Scripts\RocketPig.cs, C#, 0, 189, 0, 0, 0, 0, 0, 0, 0, 29, 29, 247
d:\Unity Projects\RocketPigV2\RocketPigV2\Assets\Scripts\ScoreManager.cs, C#, 0, 21, 0, 0, 0, 0, 0, 0, 0, 2, 4, 27
d:\Unity Projects\RocketPigV2\RocketPigV2\Assets\Scripts\ScrollSky.cs, C#, 0, 26, 0, 0, 0, 0, 0, 0, 0, 8, 12, 46
d:\Unity Projects\RocketPigV2\RocketPigV2\Assets\Scripts\ShareApp.cs, C#, 0, 19, 0, 0, 0, 0, 0, 0, 0, 11, 4, 34
d:\Unity Projects\RocketPigV2\RocketPigV2\Assets\Scripts\StarFall.cs, C#, 0, 21, 0, 0, 0, 0, 0, 0, 0, 2, 8, 31
d:\Unity Projects\RocketPigV2\RocketPigV2\Assets\Scripts\cameraScreenSpace.cs, C#, 0, 9, 0, 0, 0, 0, 0, 0, 0, 5, 5, 19
d:\Unity Projects\RocketPigV2\RocketPigV2\Assets\StarBehavior.cs, C#, 0, 41, 0, 0, 0, 0, 0, 0, 0, 6, 6, 53
d:\Unity Projects\RocketPigV2\RocketPigV2\Assets\TextMesh Pro\Resources\Shaders\TMP_Bitmap-Custom-Atlas.shader, ShaderLab, 0, 0, 0, 0, 0, 0, 0, 108, 0, 2, 33, 143
d:\Unity Projects\RocketPigV2\RocketPigV2\Assets\TextMesh Pro\Resources\Shaders\TMP_Bitmap-Mobile.shader, ShaderLab, 0, 0, 0, 0, 0, 0, 0, 111, 0, 3, 31, 145
d:\Unity Projects\RocketPigV2\RocketPigV2\Assets\TextMesh Pro\Resources\Shaders\TMP_Bitmap.shader, ShaderLab, 0, 0, 0, 0, 0, 0, 0, 108, 0, 2, 33, 143
d:\Unity Projects\RocketPigV2\RocketPigV2\Assets\TextMesh Pro\Resources\Shaders\TMP_SDF Overlay.shader, ShaderLab, 0, 0, 0, 0, 0, 0, 0, 242, 0, 4, 71, 317
d:\Unity Projects\RocketPigV2\RocketPigV2\Assets\TextMesh Pro\Resources\Shaders\TMP_SDF-Mobile Masking.shader, ShaderLab, 0, 0, 0, 0, 0, 0, 0, 189, 0, 8, 50, 247
d:\Unity Projects\RocketPigV2\RocketPigV2\Assets\TextMesh Pro\Resources\Shaders\TMP_SDF-Mobile Overlay.shader, ShaderLab, 0, 0, 0, 0, 0, 0, 0, 182, 0, 8, 50, 240
d:\Unity Projects\RocketPigV2\RocketPigV2\Assets\TextMesh Pro\Resources\Shaders\TMP_SDF-Mobile.shader, ShaderLab, 0, 0, 0, 0, 0, 0, 0, 182, 0, 8, 50, 240
d:\Unity Projects\RocketPigV2\RocketPigV2\Assets\TextMesh Pro\Resources\Shaders\TMP_SDF-Surface-Mobile.shader, ShaderLab, 0, 0, 0, 0, 0, 0, 0, 102, 0, 8, 28, 138
d:\Unity Projects\RocketPigV2\RocketPigV2\Assets\TextMesh Pro\Resources\Shaders\TMP_SDF-Surface.shader, ShaderLab, 0, 0, 0, 0, 0, 0, 0, 121, 0, 4, 32, 157
d:\Unity Projects\RocketPigV2\RocketPigV2\Assets\TextMesh Pro\Resources\Shaders\TMP_SDF.shader, ShaderLab, 0, 0, 0, 0, 0, 0, 0, 242, 0, 4, 71, 317
d:\Unity Projects\RocketPigV2\RocketPigV2\Assets\TextMesh Pro\Resources\Shaders\TMP_Sprite.shader, ShaderLab, 0, 0, 0, 0, 0, 0, 0, 92, 0, 0, 22, 114
d:\Unity Projects\RocketPigV2\RocketPigV2\Assets\TextMesh Pro\Resources\Shaders\TMPro.cginc, HLSL, 0, 0, 0, 0, 0, 0, 63, 0, 0, 2, 20, 85
d:\Unity Projects\RocketPigV2\RocketPigV2\Assets\TextMesh Pro\Resources\Shaders\TMPro_Properties.cginc, HLSL, 0, 0, 0, 0, 0, 0, 62, 0, 0, 10, 14, 86
d:\Unity Projects\RocketPigV2\RocketPigV2\Assets\TextMesh Pro\Resources\Shaders\TMPro_Surface.cginc, HLSL, 0, 0, 0, 0, 0, 0, 84, 0, 0, 9, 23, 116
d:\Unity Projects\RocketPigV2\RocketPigV2\Assets\TextMesh Pro\Sprites\EmojiOne.json, JSON, 0, 0, 155, 0, 0, 0, 0, 0, 0, 0, 2, 157
d:\Unity Projects\RocketPigV2\RocketPigV2\Logs\Packages-Update.log, Log, 0, 0, 0, 44, 0, 0, 0, 0, 0, 0, 4, 48
d:\Unity Projects\RocketPigV2\RocketPigV2\Packages\manifest.json, JSON, 0, 0, 46, 0, 0, 0, 0, 0, 0, 0, 1, 47
Total, -, 1668, 27753, 201, 44, 25, 255, 209, 1679, 2, 9362, 6089, 47287